<?xml version='1.1' encoding='UTF-8'?>
<org.jvnet.hudson.plugins.thinbackup.backup.PluginList plugin="thinBackup@1.12">
  <plugins>
    <entry>
      <string>pipeline-milestone-step</string>
      <string>101.vd572fef9d926</string>
    </entry>
    <entry>
      <string>mina-sshd-api-core</string>
      <string>2.9.1-44.v476733c11f82</string>
    </entry>
    <entry>
      <string>jakarta-activation-api</string>
      <string>2.0.1-2</string>
    </entry>
    <entry>
      <string>jdk-tool</string>
      <string>55.v1b_32b_6ca_f9ca</string>
    </entry>
    <entry>
      <string>snakeyaml-api</string>
      <string>1.32-86.ve3f030a_75631</string>
    </entry>
    <entry>
      <string>trilead-api</string>
      <string>2.72.v2a_3236754f73</string>
    </entry>
    <entry>
      <string>commons-text-api</string>
      <string>1.10.0-27.vb_fa_3896786a_7</string>
    </entry>
    <entry>
      <string>workflow-multibranch</string>
      <string>716.vc692a_e52371b_</string>
    </entry>
    <entry>
      <string>javax-mail-api</string>
      <string>1.6.2-8</string>
    </entry>
    <entry>
      <string>pipeline-stage-tags-metadata</string>
      <string>2.2118.v31fd5b_9944b_5</string>
    </entry>
    <entry>
      <string>javax-activation-api</string>
      <string>1.2.0-5</string>
    </entry>
    <entry>
      <string>plugin-util-api</string>
      <string>2.18.0</string>
    </entry>
    <entry>
      <string>git-client</string>
      <string>3.12.1</string>
    </entry>
    <entry>
      <string>scm-api</string>
      <string>621.vda_a_b_055e58f7</string>
    </entry>
    <entry>
      <string>variant</string>
      <string>59.vf075fe829ccb</string>
    </entry>
    <entry>
      <string>pipeline-stage-step</string>
      <string>296.v5f6908f017a_5</string>
    </entry>
    <entry>
      <string>font-awesome-api</string>
      <string>6.2.0-3</string>
    </entry>
    <entry>
      <string>pipeline-model-extensions</string>
      <string>2.2118.v31fd5b_9944b_5</string>
    </entry>
    <entry>
      <string>windows-slaves</string>
      <string>1.8.1</string>
    </entry>
    <entry>
      <string>parameterized-trigger</string>
      <string>2.45</string>
    </entry>
    <entry>
      <string>pipeline-groovy-lib</string>
      <string>613.v9c41a_160233f</string>
    </entry>
    <entry>
      <string>workflow-support</string>
      <string>839.v35e2736cfd5c</string>
    </entry>
    <entry>
      <string>checks-api</string>
      <string>1.7.5</string>
    </entry>
    <entry>
      <string>mailer</string>
      <string>438.v02c7f0a_12fa_4</string>
    </entry>
    <entry>
      <string>jackson2-api</string>
      <string>2.13.4.20221013-295.v8e29ea_354141</string>
    </entry>
    <entry>
      <string>workflow-scm-step</string>
      <string>400.v6b_89a_1317c9a_</string>
    </entry>
    <entry>
      <string>jakarta-mail-api</string>
      <string>2.0.1-2</string>
    </entry>
    <entry>
      <string>ws-cleanup</string>
      <string>0.43</string>
    </entry>
    <entry>
      <string>pipeline-model-api</string>
      <string>2.2118.v31fd5b_9944b_5</string>
    </entry>
    <entry>
      <string>token-macro</string>
      <string>308.v4f2b_ed62b_b_16</string>
    </entry>
    <entry>
      <string>pipeline-input-step</string>
      <string>456.vd8a_957db_5b_e9</string>
    </entry>
    <entry>
      <string>thinBackup</string>
      <string>1.12</string>
    </entry>
    <entry>
      <string>jquery3-api</string>
      <string>3.6.1-2</string>
    </entry>
    <entry>
      <string>credentials-binding</string>
      <string>523.vd859a_4b_122e6</string>
    </entry>
    <entry>
      <string>workflow-aggregator</string>
      <string>590.v6a_d052e5a_a_b_5</string>
    </entry>
    <entry>
      <string>pipeline-build-step</string>
      <string>2.18</string>
    </entry>
    <entry>
      <string>credentials</string>
      <string>1189.vf61b_a_5e2f62e</string>
    </entry>
    <entry>
      <string>mina-sshd-api-common</string>
      <string>2.9.1-44.v476733c11f82</string>
    </entry>
    <entry>
      <string>pipeline-model-definition</string>
      <string>2.2118.v31fd5b_9944b_5</string>
    </entry>
    <entry>
      <string>caffeine-api</string>
      <string>2.9.3-65.v6a_47d0f4d1fe</string>
    </entry>
    <entry>
      <string>instance-identity</string>
      <string>116.vf8f487400980</string>
    </entry>
    <entry>
      <string>config-file-provider</string>
      <string>3.11.1</string>
    </entry>
    <entry>
      <string>dashboard-view</string>
      <string>2.447.vda_124dd35f11</string>
    </entry>
    <entry>
      <string>nodejs</string>
      <string>1.5.1</string>
    </entry>
    <entry>
      <string>workflow-step-api</string>
      <string>639.v6eca_cd8c04a_a_</string>
    </entry>
    <entry>
      <string>plain-credentials</string>
      <string>139.ved2b_9cf7587b</string>
    </entry>
    <entry>
      <string>command-launcher</string>
      <string>90.v669d7ccb_7c31</string>
    </entry>
    <entry>
      <string>matrix-project</string>
      <string>785.v06b_7f47b_c631</string>
    </entry>
    <entry>
      <string>resource-disposer</string>
      <string>0.20</string>
    </entry>
    <entry>
      <string>bouncycastle-api</string>
      <string>2.26</string>
    </entry>
    <entry>
      <string>jaxb</string>
      <string>2.3.7-1</string>
    </entry>
    <entry>
      <string>ace-editor</string>
      <string>1.1</string>
    </entry>
    <entry>
      <string>git</string>
      <string>4.12.1</string>
    </entry>
    <entry>
      <string>bootstrap5-api</string>
      <string>5.2.1-3</string>
    </entry>
    <entry>
      <string>workflow-durable-task-step</string>
      <string>1206.v8a_d5f86e336b</string>
    </entry>
    <entry>
      <string>ssh-credentials</string>
      <string>305.v8f4381501156</string>
    </entry>
    <entry>
      <string>cloudbees-folder</string>
      <string>6.773.vd2dcc704ee7e</string>
    </entry>
    <entry>
      <string>jobConfigHistory</string>
      <string>1183.v6e2785ff75e0</string>
    </entry>
    <entry>
      <string>durable-task</string>
      <string>501.ve5d4fc08b0be</string>
    </entry>
    <entry>
      <string>popper2-api</string>
      <string>2.11.6-2</string>
    </entry>
    <entry>
      <string>workflow-basic-steps</string>
      <string>994.vd57e3ca_46d24</string>
    </entry>
    <entry>
      <string>workflow-job</string>
      <string>1249.v7d974144cc14</string>
    </entry>
    <entry>
      <string>copyartifact</string>
      <string>1.47</string>
    </entry>
    <entry>
      <string>jsch</string>
      <string>0.1.55.61.va_e9ee26616e7</string>
    </entry>
    <entry>
      <string>junit</string>
      <string>1153.v1c24f1a_d2553</string>
    </entry>
    <entry>
      <string>echarts-api</string>
      <string>5.4.0-1</string>
    </entry>
    <entry>
      <string>apache-httpcomponents-client-4-api</string>
      <string>4.5.13-138.v4e7d9a_7b_a_e61</string>
    </entry>
    <entry>
      <string>structs</string>
      <string>324.va_f5d6774f3a_d</string>
    </entry>
    <entry>
      <string>workflow-cps</string>
      <string>2803.v1a_f77ffcc773</string>
    </entry>
    <entry>
      <string>htmlpublisher</string>
      <string>1.31</string>
    </entry>
    <entry>
      <string>ssh-slaves</string>
      <string>2.846.v1b_70190624f5</string>
    </entry>
    <entry>
      <string>sshd</string>
      <string>3.249.v2dc2ea_416e33</string>
    </entry>
    <entry>
      <string>ionicons-api</string>
      <string>31.v4757b_6987003</string>
    </entry>
    <entry>
      <string>commons-lang3-api</string>
      <string>3.12.0-36.vd97de6465d5b_</string>
    </entry>
    <entry>
      <string>display-url-api</string>
      <string>2.3.6</string>
    </entry>
    <entry>
      <string>script-security</string>
      <string>1189.vb_a_b_7c8fd5fde</string>
    </entry>
    <entry>
      <string>branch-api</string>
      <string>2.1046.v0ca_37783ecc5</string>
    </entry>
    <entry>
      <string>Hudson core</string>
      <string>2.374</string>
    </entry>
    <entry>
      <string>workflow-api</string>
      <string>1200.v8005c684b_a_c6</string>
    </entry>
  </plugins>
  <pluginsXml>D:\Programs\Jenkins\FULL-2022-10-23_22-14\installedPlugins.xml</pluginsXml>
</org.jvnet.hudson.plugins.thinbackup.backup.PluginList>