<?xml version='1.1' encoding='UTF-8'?>
<jenkins.plugins.nodejs.tools.NodeJSInstallation_-DescriptorImpl plugin="nodejs@1.5.1">
  <installations class="jenkins.plugins.nodejs.tools.NodeJSInstallation-array">
    <jenkins.plugins.nodejs.tools.NodeJSInstallation>
      <name>node</name>
      <properties>
        <hudson.tools.InstallSourceProperty>
          <installers>
            <jenkins.plugins.nodejs.tools.NodeJSInstaller>
              <id>16.17.0</id>
              <npmPackagesRefreshHours>72</npmPackagesRefreshHours>
              <force32Bit>false</force32Bit>
            </jenkins.plugins.nodejs.tools.NodeJSInstaller>
          </installers>
        </hudson.tools.InstallSourceProperty>
      </properties>
    </jenkins.plugins.nodejs.tools.NodeJSInstallation>
  </installations>
</jenkins.plugins.nodejs.tools.NodeJSInstallation_-DescriptorImpl>